-- phpMyAdmin SQL Dump
-- version 5.0.2
-- https://www.phpmyadmin.net/
--
-- Host: 127.0.0.1
-- Generation Time: Nov 10, 2020 at 09:22 AM
-- Server version: 10.4.14-MariaDB
-- PHP Version: 7.2.33

SET SQL_MODE = "NO_AUTO_VALUE_ON_ZERO";
START TRANSACTION;
SET time_zone = "+00:00";


/*!40101 SET @OLD_CHARACTER_SET_CLIENT=@@CHARACTER_SET_CLIENT */;
/*!40101 SET @OLD_CHARACTER_SET_RESULTS=@@CHARACTER_SET_RESULTS */;
/*!40101 SET @OLD_COLLATION_CONNECTION=@@COLLATION_CONNECTION */;
/*!40101 SET NAMES utf8mb4 */;

--
-- Database: `survey_db`
--

-- --------------------------------------------------------

--
-- Table structure for table `answers`
--

CREATE TABLE `answers` (
  `id` int(30) NOT NULL,
  `survey_id` int(30) NOT NULL,
  `user_id` int(30) NOT NULL,
  `answer` text NOT NULL,
  `question_id` int(30) NOT NULL,
  `date_created` datetime NOT NULL DEFAULT current_timestamp()
) ENGINE=InnoDB DEFAULT CHARSET=utf8mb4;

--
-- Dumping data for table `answers`
--

INSERT INTO `answers` (`id`, `survey_id`, `user_id`, `answer`, `question_id`, `date_created`) VALUES
(1, 1, 2, 'Sample Only', 4, '2020-11-10 14:46:07'),
(2, 1, 2, '[JNmhW],[zZpTE]', 2, '2020-11-10 14:46:07'),
(3, 1, 2, 'dAWTD', 1, '2020-11-10 14:46:07'),
(4, 1, 3, 'Lorem ipsum dolor sit amet, consectetur adipiscing elit. Donec in tempus turpis, sed fermentum risus. Praesent vitae velit rutrum, dictum massa nec, pharetra felis. Phasellus enim augue, laoreet in accumsan dictum, mollis nec lectus. Aliquam id viverra nisl. Proin quis posuere nulla. Nullam suscipit eget leo ut suscipit.', 4, '2020-11-10 15:59:43'),
(5, 1, 3, '[qCMGO],[JNmhW]', 2, '2020-11-10 15:59:43'),
(6, 1, 3, 'esNuP', 1, '2020-11-10 15:59:43');

-- --------------------------------------------------------

--
-- Table structure for table `questions`
--

CREATE TABLE `questions` (
  `id` int(30) NOT NULL,
  `question` text NOT NULL,
  `frm_option` text NOT NULL,
  `type` varchar(50) NOT NULL,
  `order_by` int(11) NOT NULL,
  `survey_id` int(30) NOT NULL,
  `date_created` datetime NOT NULL DEFAULT current_timestamp()
) ENGINE=InnoDB DEFAULT CHARSET=utf8mb4;

--
-- Dumping data for table `questions`
--

INSERT INTO `questions` (`id`, `question`, `frm_option`, `type`, `order_by`, `survey_id`, `date_created`) VALUES
(1, 'Sample Survey Question using Radio Button', '{\"cKWLY\":\"Option 1\",\"esNuP\":\"Option 2\",\"dAWTD\":\"Option 3\",\"eZCpf\":\"Option 4\"}', 'radio_opt', 3, 1, '2020-11-10 12:04:46'),
(2, 'Question for Checkboxes', '{\"qCMGO\":\"Checkbox label 1\",\"JNmhW\":\"Checkbox label 2\",\"zZpTE\":\"Checkbox label 3\",\"dOeJi\":\"Checkbox label 4\"}', 'check_opt', 2, 1, '2020-11-10 12:25:13'),
(4, 'Sample question for the text field', '', 'textfield_s', 1, 1, '2020-11-10 13:34:21');

-- --------------------------------------------------------

--
-- Table structure for table `survey_set`
--

CREATE TABLE `survey_set` (
  `id` int(30) NOT NULL,
  `title` varchar(200) NOT NULL,
  `description` text NOT NULL,
  `user_id` int(30) NOT NULL,
  `start_date` date NOT NULL,
  `end_date` date NOT NULL,
  `date_created` datetime NOT NULL DEFAULT current_timestamp()
) ENGINE=InnoDB DEFAULT CHARSET=utf8mb4;

--
-- Dumping data for table `survey_set`
--

INSERT INTO `survey_set` (`id`, `title`, `description`, `user_id`, `start_date`, `end_date`, `date_created`) VALUES
(1, 'Sample Survey', 'Sample Only', 0, '2020-11-06', '2020-12-10', '2020-11-10 09:57:47'),
(2, 'Survey 1', 'Lorem ipsum dolor sit amet, consectetur adipiscing elit. Donec in tempus turpis, sed fermentum risus. Praesent vitae velit rutrum, dictum massa nec, pharetra felis. Phasellus enim augue, laoreet in accumsan dictum, mollis nec lectus. ', 0, '2020-10-15', '2020-12-30', '2020-11-10 14:12:09'),
(3, 'Survey 2', 'Lorem ipsum dolor sit amet, consectetur adipiscing elit. Donec in tempus turpis, sed fermentum risus. Praesent vitae velit rutrum, dictum massa nec, pharetra felis. ', 0, '2020-09-01', '2020-11-27', '2020-11-10 14:12:33'),
(4, 'Survey 23', 'Lorem ipsum dolor sit amet, consectetur adipiscing elit. Donec in tempus turpis, sed fermentum risus. Praesent vitae velit rutrum, dictum massa nec, pharetra felis. ', 0, '2020-09-10', '2020-11-27', '2020-11-10 14:14:03'),
(5, 'Sample Survey 101', 'Sample only', 0, '2020-10-01', '2020-11-23', '2020-11-10 14:14:29');

-- --------------------------------------------------------

--
-- Table structure for table `users`
--

CREATE TABLE `users` (
  `id` int(30) NOT NULL,
  `firstname` varchar(200) NOT NULL,
  `lastname` varchar(200) NOT NULL,
  `middlename` varchar(200) NOT NULL,
  `contact` varchar(100) NOT NULL,
  `address` text NOT NULL,
  `email` varchar(200) NOT NULL,
  `password` text NOT NULL,
  `type` tinyint(1) NOT NULL DEFAULT 3 COMMENT '1=Admin,2 = Staff, 3= Subscriber',
  `date_created` datetime NOT NULL DEFAULT current_timestamp()
) ENGINE=InnoDB DEFAULT CHARSET=utf8mb4;

--
-- Dumping data for table `users`
--

INSERT INTO `users` (`id`, `firstname`, `lastname`, `middlename`, `contact`, `address`, `email`, `password`, `type`, `date_created`) VALUES
(1, 'Admin', 'Admin', '', '+123456789', 'Sample address', 'admin@admin.com', '0192023a7bbd73250516f069df18b500', 1, '2020-11-10 08:43:06'),
(2, 'John', 'Smith', 'D', '8747808787', 'Sample Address', 'jsmith@sample.com', '1254737c076cf867dc53d60a0364f38e', 3, '2020-11-10 09:16:53'),
(3, 'Claire', 'Blake', 'D', '+6948 8542 623', 'Sample Address', 'cblake@sample.com', '4744ddea876b11dcb1d169fadf494418', 3, '2020-11-10 15:59:11'),
(4, 'Mike', 'Williams', 'G', '8747808787', 'Sample', 'mwilliams@sample.com', '3cc93e9a6741d8b40460457139cf8ced', 3, '2020-11-10 16:21:02');

--
-- Indexes for dumped tables
--

--
-- Indexes for table `answers`
--
ALTER TABLE `answers`
  ADD PRIMARY KEY (`id`);

--
-- Indexes for table `questions`
--
ALTER TABLE `questions`
  ADD PRIMARY KEY (`id`);

--
-- Indexes for table `survey_set`
--
ALTER TABLE `survey_set`
  ADD PRIMARY KEY (`id`);

--
-- Indexes for table `users`
--
ALTER TABLE `users`
  ADD PRIMARY KEY (`id`);

--
-- AUTO_INCREMENT for dumped tables
--

--
-- AUTO_INCREMENT for table `answers`
--
ALTER TABLE `answers`
  MODIFY `id` int(30) NOT NULL AUTO_INCREMENT, AUTO_INCREMENT=7;

--
-- AUTO_INCREMENT for table `questions`
--
ALTER TABLE `questions`
  MODIFY `id` int(30) NOT NULL AUTO_INCREMENT, AUTO_INCREMENT=5;

--
-- AUTO_INCREMENT for table `survey_set`
--
ALTER TABLE `survey_set`
  MODIFY `id` int(30) NOT NULL AUTO_INCREMENT, AUTO_INCREMENT=6;

--
-- AUTO_INCREMENT for table `users`
--
ALTER TABLE `users`
  MODIFY `id` int(30) NOT NULL AUTO_INCREMENT, AUTO_INCREMENT=5;
COMMIT;

/*!40101 SET CHARACTER_SET_CLIENT=@OLD_CHARACTER_SET_CLIENT */;
/*!40101 SET CHARACTER_SET_RESULTS=@OLD_CHARACTER_SET_RESULTS */;
/*!40101 SET COLLATION_CONNECTION=@OLD_COLLATION_CONNECTION */;
